{"coverage": 92.88389513108615, "raw_data": {"meta": {"format": 2, "version": "7.5.0", "timestamp": "2024-04-24T07:55:18.744897", "branch_coverage": false, "show_contexts": false}, "files": {"src/github_custom_actions/__about__.py": {"executed_lines": [1], "summary": {"covered_lines": 1, "num_statements": 1, "percent_covered": 100.0, "percent_covered_display": "100", "missing_lines": 0, "excluded_lines": 0}, "missing_lines": [], "excluded_lines": []}, "src/github_custom_actions/action_base.py": {"executed_lines": [1, 2, 3, 4, 6, 8, 9, 12, 13, 15, 20, 22, 23, 24, 25, 29, 30, 31, 32, 38, 39, 82, 83, 84, 86, 88, 89, 90, 91, 93, 94, 95, 97, 99, 106, 126], "summary": {"covered_lines": 34, "num_statements": 46, "percent_covered": 73.91304347826087, "percent_covered_display": "74", "missing_lines": 12, "excluded_lines": 0}, "missing_lines": [26, 27, 33, 34, 35, 104, 120, 121, 122, 123, 124, 136], "excluded_lines": []}, "src/github_custom_actions/attr_dict_vars.py": {"executed_lines": [1, 2, 5, 6, 8, 10, 11, 12, 13, 14, 15, 17, 18, 20, 21], "summary": {"covered_lines": 14, "num_statements": 14, "percent_covered": 100.0, "percent_covered_display": "100", "missing_lines": 0, "excluded_lines": 0}, "missing_lines": [], "excluded_lines": []}, "src/github_custom_actions/env_attr_dict_vars.py": {"executed_lines": [1, 2, 3, 4, 5, 8, 9, 32, 33, 34, 35, 36, 37, 38, 39, 40, 41, 44, 45, 46, 47, 48, 52, 53, 54, 55, 58, 59, 61, 62, 64, 65, 67, 70], "summary": {"covered_lines": 33, "num_statements": 40, "percent_covered": 82.5, "percent_covered_display": "82", "missing_lines": 7, "excluded_lines": 0}, "missing_lines": [56, 68, 71, 72, 73, 74, 75], "excluded_lines": []}, "src/github_custom_actions/file_attr_dict_vars.py": {"executed_lines": [1, 2, 3, 4, 7, 8, 37, 39, 40, 41, 43, 45, 47, 49, 51, 52, 53, 54, 55, 56, 57, 58, 59, 60, 61, 63, 64, 65, 66, 67, 68, 69, 70, 72, 77, 78, 80, 85, 86, 87, 88, 89, 91, 93, 94, 95, 97, 98, 100, 101, 103, 104, 106, 107, 109, 110, 111, 112, 118, 119, 120, 122, 123, 124, 127], "summary": {"covered_lines": 64, "num_statements": 64, "percent_covered": 100.0, "percent_covered_display": "100", "missing_lines": 0, "excluded_lines": 0}, "missing_lines": [], "excluded_lines": []}, "src/github_custom_actions/github_vars.py": {"executed_lines": [1, 3, 6, 7, 34, 35, 37, 38, 40, 41, 49, 50, 54, 55, 58, 59, 62, 63, 65, 66, 69, 70, 72, 73, 77, 78, 83, 84, 86, 87, 90, 91, 93, 94, 98, 99, 101, 102, 108, 109, 115, 116, 125, 126, 130, 131, 134, 135, 137, 138, 140, 141, 144, 145, 147, 148, 151, 152, 154, 155, 159, 160, 163, 164, 168, 169, 171, 172, 176, 177, 183, 184, 189, 190, 193, 194, 197, 198, 200, 201, 205, 206, 208, 209, 212, 213, 217, 218, 221, 222, 226, 227], "summary": {"covered_lines": 91, "num_statements": 91, "percent_covered": 100.0, "percent_covered_display": "100", "missing_lines": 0, "excluded_lines": 0}, "missing_lines": [], "excluded_lines": []}, "src/github_custom_actions/inputs_outputs.py": {"executed_lines": [1, 7, 8, 9, 10, 13, 16, 17, 50, 52, 55, 56, 83, 84], "summary": {"covered_lines": 11, "num_statements": 11, "percent_covered": 100.0, "percent_covered_display": "100", "missing_lines": 0, "excluded_lines": 0}, "missing_lines": [], "excluded_lines": []}}, "totals": {"covered_lines": 248, "num_statements": 267, "percent_covered": 92.88389513108615, "percent_covered_display": "93", "missing_lines": 19, "excluded_lines": 0}}, "coverage_path": "."}