{"coverage": 92.74809160305344, "raw_data": {"meta": {"format": 2, "version": "7.4.4", "timestamp": "2024-04-20T08:33:35.312953", "branch_coverage": false, "show_contexts": false}, "files": {"src/github_custom_actions/__about__.py": {"executed_lines": [1], "summary": {"covered_lines": 1, "num_statements": 1, "percent_covered": 100.0, "percent_covered_display": "100", "missing_lines": 0, "excluded_lines": 0}, "missing_lines": [], "excluded_lines": []}, "src/github_custom_actions/action_base.py": {"executed_lines": [1, 2, 3, 5, 7, 8, 11, 12, 14, 19, 21, 22, 23, 24, 28, 29, 30, 31, 37, 38, 43, 48, 49, 50, 52, 54, 58, 66], "summary": {"covered_lines": 26, "num_statements": 38, "percent_covered": 68.42105263157895, "percent_covered_display": "68", "missing_lines": 12, "excluded_lines": 0}, "missing_lines": [25, 26, 32, 33, 34, 56, 60, 61, 62, 63, 64, 68], "excluded_lines": []}, "src/github_custom_actions/attr_dict_vars.py": {"executed_lines": [1, 2, 5, 6, 8, 9, 11, 12, 13, 14, 15, 16, 18, 19], "summary": {"covered_lines": 13, "num_statements": 13, "percent_covered": 100.0, "percent_covered_display": "100", "missing_lines": 0, "excluded_lines": 0}, "missing_lines": [], "excluded_lines": []}, "src/github_custom_actions/env_attr_dict_vars.py": {"executed_lines": [1, 2, 3, 4, 5, 8, 9, 35, 37, 39, 41, 43, 44, 45, 46, 47, 48, 49, 50, 51, 52, 55, 56, 57, 58, 59, 63, 64, 65, 66, 69, 70, 72, 73, 75, 76, 78, 81], "summary": {"covered_lines": 37, "num_statements": 44, "percent_covered": 84.0909090909091, "percent_covered_display": "84", "missing_lines": 7, "excluded_lines": 0}, "missing_lines": [67, 79, 82, 83, 84, 85, 86], "excluded_lines": []}, "src/github_custom_actions/file_attr_dict_vars.py": {"executed_lines": [1, 2, 3, 4, 7, 8, 36, 38, 39, 40, 42, 44, 46, 48, 50, 51, 52, 53, 54, 55, 56, 57, 58, 59, 60, 62, 63, 64, 65, 66, 67, 68, 69, 71, 76, 77, 79, 84, 85, 86, 87, 88, 90, 92, 93, 94, 96, 97, 99, 100, 102, 103, 105, 106, 108, 109, 110, 111, 117, 118, 119, 121, 122, 123, 126], "summary": {"covered_lines": 64, "num_statements": 64, "percent_covered": 100.0, "percent_covered_display": "100", "missing_lines": 0, "excluded_lines": 0}, "missing_lines": [], "excluded_lines": []}, "src/github_custom_actions/github_vars.py": {"executed_lines": [1, 3, 6, 7, 30, 31, 33, 34, 36, 37, 45, 46, 50, 51, 54, 55, 58, 59, 61, 62, 65, 66, 68, 69, 73, 74, 79, 80, 82, 83, 86, 87, 89, 90, 94, 95, 97, 98, 104, 105, 111, 112, 121, 122, 126, 127, 130, 131, 133, 134, 136, 137, 140, 141, 143, 144, 147, 148, 150, 151, 155, 156, 159, 160, 164, 165, 167, 168, 172, 173, 179, 180, 185, 186, 189, 190, 193, 194, 196, 197, 201, 202, 204, 205, 208, 209, 213, 214, 217, 218, 222, 223], "summary": {"covered_lines": 91, "num_statements": 91, "percent_covered": 100.0, "percent_covered_display": "100", "missing_lines": 0, "excluded_lines": 0}, "missing_lines": [], "excluded_lines": []}, "src/github_custom_actions/inputs_outputs.py": {"executed_lines": [1, 7, 8, 9, 10, 13, 16, 17, 32, 33, 36, 37, 48, 49], "summary": {"covered_lines": 11, "num_statements": 11, "percent_covered": 100.0, "percent_covered_display": "100", "missing_lines": 0, "excluded_lines": 0}, "missing_lines": [], "excluded_lines": []}}, "totals": {"covered_lines": 243, "num_statements": 262, "percent_covered": 92.74809160305344, "percent_covered_display": "93", "missing_lines": 19, "excluded_lines": 0}}, "coverage_path": "."}