{"coverage": 92.63157894736842, "raw_data": {"meta": {"format": 2, "version": "7.4.4", "timestamp": "2024-04-20T06:58:42.725098", "branch_coverage": false, "show_contexts": false}, "files": {"src/github_custom_actions/__about__.py": {"executed_lines": [1], "summary": {"covered_lines": 1, "num_statements": 1, "percent_covered": 100.0, "percent_covered_display": "100", "missing_lines": 0, "excluded_lines": 0}, "missing_lines": [], "excluded_lines": []}, "src/github_custom_actions/action_base.py": {"executed_lines": [1, 2, 3, 5, 7, 8, 11, 12, 14, 19, 21, 22, 23, 24, 28, 29, 30, 31, 37, 38, 43, 48, 49, 50, 52, 54, 58, 66], "summary": {"covered_lines": 26, "num_statements": 38, "percent_covered": 68.42105263157895, "percent_covered_display": "68", "missing_lines": 12, "excluded_lines": 0}, "missing_lines": [25, 26, 32, 33, 34, 56, 60, 61, 62, 63, 64, 68], "excluded_lines": []}, "src/github_custom_actions/attr_dict_vars.py": {"executed_lines": [1, 2, 5, 6, 8, 9, 11, 12, 13, 14, 15, 16, 18, 19], "summary": {"covered_lines": 13, "num_statements": 13, "percent_covered": 100.0, "percent_covered_display": "100", "missing_lines": 0, "excluded_lines": 0}, "missing_lines": [], "excluded_lines": []}, "src/github_custom_actions/env_attr_dict_vars.py": {"executed_lines": [1, 2, 3, 4, 5, 8, 9, 35, 37, 39, 41, 43, 44, 45, 46, 47, 48, 49, 50, 51, 52, 55, 57, 58, 61, 62, 63, 64, 67, 68, 70, 71, 73, 74, 76, 79], "summary": {"covered_lines": 35, "num_statements": 44, "percent_covered": 79.54545454545455, "percent_covered_display": "80", "missing_lines": 9, "excluded_lines": 0}, "missing_lines": [56, 59, 65, 77, 80, 81, 82, 83, 84], "excluded_lines": []}, "src/github_custom_actions/file_attr_dict_vars.py": {"executed_lines": [1, 2, 3, 4, 7, 8, 36, 38, 39, 40, 42, 44, 46, 48, 50, 51, 52, 53, 54, 55, 56, 57, 58, 59, 60, 62, 63, 64, 65, 66, 67, 68, 69, 71, 76, 77, 79, 84, 85, 86, 87, 88, 90, 92, 93, 94, 96, 97, 99, 100, 102, 103, 105, 106, 108, 109, 110, 111, 117, 118, 119, 121, 122, 123, 126], "summary": {"covered_lines": 64, "num_statements": 64, "percent_covered": 100.0, "percent_covered_display": "100", "missing_lines": 0, "excluded_lines": 0}, "missing_lines": [], "excluded_lines": []}, "src/github_custom_actions/github_vars.py": {"executed_lines": [1, 3, 6, 7, 28, 29, 31, 32, 40, 41, 45, 46, 49, 50, 53, 54, 56, 57, 60, 61, 63, 64, 68, 69, 74, 75, 77, 78, 81, 82, 84, 85, 89, 90, 92, 93, 99, 100, 106, 107, 116, 117, 121, 122, 125, 126, 128, 129, 131, 132, 135, 136, 138, 139, 142, 143, 145, 146, 150, 151, 154, 155, 159, 160, 162, 163, 167, 168, 174, 175, 180, 181, 184, 185, 188, 189, 191, 192, 196, 197, 199, 200, 203, 204, 208, 209, 212, 213, 217, 218], "summary": {"covered_lines": 89, "num_statements": 89, "percent_covered": 100.0, "percent_covered_display": "100", "missing_lines": 0, "excluded_lines": 0}, "missing_lines": [], "excluded_lines": []}, "src/github_custom_actions/inputs_outputs.py": {"executed_lines": [1, 7, 8, 9, 10, 11, 14, 17, 18, 26, 28, 29, 31, 32, 33, 35, 37, 39, 40, 41, 42, 43, 44, 45, 46, 47, 48, 51, 52, 53, 54, 55, 58, 59, 70, 71, 74, 75, 86, 87], "summary": {"covered_lines": 36, "num_statements": 36, "percent_covered": 100.0, "percent_covered_display": "100", "missing_lines": 0, "excluded_lines": 0}, "missing_lines": [], "excluded_lines": []}}, "totals": {"covered_lines": 264, "num_statements": 285, "percent_covered": 92.63157894736842, "percent_covered_display": "93", "missing_lines": 21, "excluded_lines": 0}}, "coverage_path": "."}