{"coverage": 92.27799227799228, "raw_data": {"meta": {"format": 2, "version": "7.4.4", "timestamp": "2024-04-19T11:49:40.766237", "branch_coverage": false, "show_contexts": false}, "files": {"src/github_custom_actions/__about__.py": {"executed_lines": [1], "summary": {"covered_lines": 1, "num_statements": 1, "percent_covered": 100.0, "percent_covered_display": "100", "missing_lines": 0, "excluded_lines": 0}, "missing_lines": [], "excluded_lines": []}, "src/github_custom_actions/action_base.py": {"executed_lines": [1, 2, 3, 5, 7, 8, 11, 12, 14, 19, 21, 22, 23, 24, 28, 29, 30, 31, 37, 38, 43, 44, 45, 46, 48, 50, 54, 62], "summary": {"covered_lines": 26, "num_statements": 38, "percent_covered": 68.42105263157895, "percent_covered_display": "68", "missing_lines": 12, "excluded_lines": 0}, "missing_lines": [25, 26, 32, 33, 34, 52, 56, 57, 58, 59, 60, 64], "excluded_lines": []}, "src/github_custom_actions/attr_dict_file_vars.py": {"executed_lines": [1, 2, 3, 4, 6, 9, 10, 41, 43, 49, 50, 51, 53, 54, 56, 57, 58, 59, 60, 61, 62, 63, 64, 65, 66, 68, 69, 70, 71, 72, 73, 75, 76, 77, 78, 79, 80, 81, 83, 88, 89, 91, 96, 97, 98, 100, 102, 103, 104, 106, 107, 109, 110, 112, 113, 115, 116, 118, 119, 120, 124, 125, 126, 128, 129, 130, 131], "summary": {"covered_lines": 66, "num_statements": 67, "percent_covered": 98.50746268656717, "percent_covered_display": "99", "missing_lines": 1, "excluded_lines": 0}, "missing_lines": [121], "excluded_lines": []}, "src/github_custom_actions/github_vars.py": {"executed_lines": [1, 3, 6, 7, 28, 29, 31, 32, 40, 41, 45, 46, 49, 50, 53, 54, 56, 57, 60, 61, 63, 64, 68, 69, 74, 75, 77, 78, 81, 82, 84, 85, 89, 90, 92, 93, 99, 100, 106, 107, 116, 117, 121, 122, 125, 126, 128, 129, 131, 132, 135, 136, 138, 139, 142, 143, 145, 146, 150, 151, 154, 155, 159, 160, 162, 163, 167, 168, 174, 175, 180, 181, 184, 185, 188, 189, 191, 192, 196, 197, 199, 200, 203, 204, 208, 209, 212, 213, 217, 218], "summary": {"covered_lines": 89, "num_statements": 89, "percent_covered": 100.0, "percent_covered_display": "100", "missing_lines": 0, "excluded_lines": 0}, "missing_lines": [], "excluded_lines": []}, "src/github_custom_actions/inputs_outputs.py": {"executed_lines": [1, 7, 8, 9, 10, 11, 13, 16, 17, 25, 27, 28, 30, 31, 32, 34, 36, 38, 39, 40, 41, 42, 43, 44, 45, 46, 47, 50, 51, 52, 53, 54, 57, 58, 71, 72, 75, 76, 88, 89, 90, 92, 95, 96, 97, 99, 103, 106, 109, 112, 113, 115, 116, 117, 121, 122, 123, 125, 126, 127, 128], "summary": {"covered_lines": 57, "num_statements": 64, "percent_covered": 89.0625, "percent_covered_display": "89", "missing_lines": 7, "excluded_lines": 0}, "missing_lines": [93, 100, 101, 104, 107, 110, 118], "excluded_lines": []}}, "totals": {"covered_lines": 239, "num_statements": 259, "percent_covered": 92.27799227799228, "percent_covered_display": "92", "missing_lines": 20, "excluded_lines": 0}}, "coverage_path": "."}