{"coverage": 90.37433155080214, "raw_data": {"meta": {"format": 2, "version": "7.4.4", "timestamp": "2024-04-17T07:25:33.501813", "branch_coverage": false, "show_contexts": false}, "files": {"src/github_custom_actions/__about__.py": {"executed_lines": [1], "summary": {"covered_lines": 1, "num_statements": 1, "percent_covered": 100.0, "percent_covered_display": "100", "missing_lines": 0, "excluded_lines": 0}, "missing_lines": [], "excluded_lines": []}, "src/github_custom_actions/action_base.py": {"executed_lines": [1, 3, 4, 7, 8, 10, 11, 13, 15, 16, 18, 20, 27, 28], "summary": {"covered_lines": 13, "num_statements": 18, "percent_covered": 72.22222222222223, "percent_covered_display": "72", "missing_lines": 5, "excluded_lines": 0}, "missing_lines": [22, 23, 24, 25, 30], "excluded_lines": []}, "src/github_custom_actions/github_vars.py": {"executed_lines": [1, 3, 6, 7, 28, 29, 31, 32, 40, 41, 45, 46, 49, 50, 53, 54, 56, 57, 60, 61, 63, 64, 68, 69, 74, 75, 77, 78, 81, 82, 84, 85, 89, 90, 92, 93, 99, 100, 106, 107, 116, 117, 121, 122, 125, 126, 128, 129, 131, 132, 135, 136, 138, 139, 142, 143, 145, 146, 150, 151, 154, 155, 159, 160, 162, 163, 167, 168, 174, 175, 180, 181, 184, 185, 188, 189, 191, 192, 196, 197, 199, 200, 203, 204, 208, 209, 212, 213, 217, 218], "summary": {"covered_lines": 89, "num_statements": 89, "percent_covered": 100.0, "percent_covered_display": "100", "missing_lines": 0, "excluded_lines": 0}, "missing_lines": [], "excluded_lines": []}, "src/github_custom_actions/inputs_outputs.py": {"executed_lines": [1, 7, 8, 9, 10, 11, 13, 16, 17, 24, 26, 27, 29, 30, 31, 33, 35, 37, 38, 39, 40, 41, 42, 43, 44, 45, 46, 49, 50, 51, 52, 53, 56, 57, 69, 70, 72, 74, 76, 85, 88, 92, 93, 95, 96, 99, 100, 112, 113, 114, 116, 119, 120, 121, 123, 127, 130, 133, 136, 137, 139, 140, 141, 145, 146, 147, 149, 150, 151, 152], "summary": {"covered_lines": 66, "num_statements": 79, "percent_covered": 83.54430379746836, "percent_covered_display": "84", "missing_lines": 13, "excluded_lines": 0}, "missing_lines": [77, 78, 83, 86, 89, 90, 117, 124, 125, 128, 131, 134, 142], "excluded_lines": []}}, "totals": {"covered_lines": 169, "num_statements": 187, "percent_covered": 90.37433155080214, "percent_covered_display": "90", "missing_lines": 18, "excluded_lines": 0}}, "coverage_path": "."}