{"coverage": 88.53503184713375, "raw_data": {"meta": {"format": 2, "version": "7.4.4", "timestamp": "2024-04-17T04:23:05.059873", "branch_coverage": false, "show_contexts": false}, "files": {"src/github_custom_actions/__about__.py": {"executed_lines": [1], "summary": {"covered_lines": 1, "num_statements": 1, "percent_covered": 100.0, "percent_covered_display": "100", "missing_lines": 0, "excluded_lines": 0}, "missing_lines": [], "excluded_lines": []}, "src/github_custom_actions/action_base.py": {"executed_lines": [1, 3, 4, 7, 8, 10, 11, 13, 15, 16, 18, 20, 27, 28], "summary": {"covered_lines": 13, "num_statements": 18, "percent_covered": 72.22222222222223, "percent_covered_display": "72", "missing_lines": 5, "excluded_lines": 0}, "missing_lines": [22, 23, 24, 25, 29], "excluded_lines": []}, "src/github_custom_actions/github_vars.py": {"executed_lines": [1, 4, 5, 23, 24, 31, 32, 36, 37, 39, 40, 43, 44, 46, 47, 50, 51, 53, 54, 57, 58, 62, 63, 65, 66, 68, 69, 71, 72, 75, 76, 78, 79, 83, 84, 88, 89, 96, 97, 101, 102, 104, 105, 107, 108, 110, 111, 113, 114, 116, 117, 119, 120, 122, 123, 126, 127, 130, 131, 135, 136, 138, 139, 142, 143, 147, 148, 152, 153, 156, 157, 159, 160, 162, 163, 166, 167, 168, 169, 170, 171, 172, 173, 174, 175], "summary": {"covered_lines": 84, "num_statements": 84, "percent_covered": 100.0, "percent_covered_display": "100", "missing_lines": 0, "excluded_lines": 0}, "missing_lines": [], "excluded_lines": []}, "src/github_custom_actions/inputs_outputs.py": {"executed_lines": [1, 7, 8, 9, 10, 12, 15, 16, 28, 29, 31, 33, 35, 44, 47, 51, 52, 54, 55, 58, 59, 71, 72, 73, 75, 78, 79, 80, 82, 86, 89, 92, 95, 96, 98, 99, 100, 104, 105, 106, 108, 109, 110, 111], "summary": {"covered_lines": 41, "num_statements": 54, "percent_covered": 75.92592592592592, "percent_covered_display": "76", "missing_lines": 13, "excluded_lines": 0}, "missing_lines": [36, 37, 42, 45, 48, 49, 76, 83, 84, 87, 90, 93, 101], "excluded_lines": []}}, "totals": {"covered_lines": 139, "num_statements": 157, "percent_covered": 88.53503184713375, "percent_covered_display": "89", "missing_lines": 18, "excluded_lines": 0}}, "coverage_path": "."}