{"coverage": 92.39766081871345, "raw_data": {"meta": {"format": 2, "version": "7.4.4", "timestamp": "2024-04-17T12:39:39.581429", "branch_coverage": false, "show_contexts": false}, "files": {"src/github_custom_actions/__about__.py": {"executed_lines": [1], "summary": {"covered_lines": 1, "num_statements": 1, "percent_covered": 100.0, "percent_covered_display": "100", "missing_lines": 0, "excluded_lines": 0}, "missing_lines": [], "excluded_lines": []}, "src/github_custom_actions/action_base.py": {"executed_lines": [1, 2, 4, 5, 8, 9, 14, 15, 16, 17, 19, 23], "summary": {"covered_lines": 11, "num_statements": 17, "percent_covered": 64.70588235294117, "percent_covered_display": "65", "missing_lines": 6, "excluded_lines": 0}, "missing_lines": [21, 25, 26, 27, 28, 29], "excluded_lines": []}, "src/github_custom_actions/github_vars.py": {"executed_lines": [1, 3, 6, 7, 28, 29, 31, 32, 40, 41, 45, 46, 49, 50, 53, 54, 56, 57, 60, 61, 63, 64, 68, 69, 74, 75, 77, 78, 81, 82, 84, 85, 89, 90, 92, 93, 99, 100, 106, 107, 116, 117, 121, 122, 125, 126, 128, 129, 131, 132, 135, 136, 138, 139, 142, 143, 145, 146, 150, 151, 154, 155, 159, 160, 162, 163, 167, 168, 174, 175, 180, 181, 184, 185, 188, 189, 191, 192, 196, 197, 199, 200, 203, 204, 208, 209, 212, 213, 217, 218], "summary": {"covered_lines": 89, "num_statements": 89, "percent_covered": 100.0, "percent_covered_display": "100", "missing_lines": 0, "excluded_lines": 0}, "missing_lines": [], "excluded_lines": []}, "src/github_custom_actions/inputs_outputs.py": {"executed_lines": [1, 7, 8, 9, 10, 11, 13, 16, 17, 25, 27, 28, 30, 31, 32, 34, 36, 38, 39, 40, 41, 42, 43, 44, 45, 46, 47, 50, 51, 52, 53, 54, 57, 58, 71, 72, 75, 76, 88, 89, 90, 92, 95, 96, 97, 99, 103, 106, 109, 112, 113, 115, 116, 117, 121, 122, 123, 125, 126, 127, 128], "summary": {"covered_lines": 57, "num_statements": 64, "percent_covered": 89.0625, "percent_covered_display": "89", "missing_lines": 7, "excluded_lines": 0}, "missing_lines": [93, 100, 101, 104, 107, 110, 118], "excluded_lines": []}}, "totals": {"covered_lines": 158, "num_statements": 171, "percent_covered": 92.39766081871345, "percent_covered_display": "92", "missing_lines": 13, "excluded_lines": 0}}, "coverage_path": "."}